{
    "Subnets": [
        {
            "AvailabilityZone": "us-east-1a", 
            "Tags": [
                {
                    "Value": "Public 1a", 
                    "Key": "Name"
                }
            ],
            "AvailableIpAddressCount": 4091, 
            "DefaultForAz": true, 
            "Ipv6CidrBlockAssociationSet": [], 
            "VpcId": "vpc-12345678", 
            "State": "available", 
            "MapPublicIpOnLaunch": true, 
            "SubnetId": "subnet-00000001", 
            "CidrBlock": "10.0.0.0/24", 
            "AssignIpv6AddressOnCreation": false
        }, 
        {
            "AvailabilityZone": "us-east-1b",
            "Tags": [
                {
                    "Value": "Public 1b", 
                    "Key": "Name"
                }
            ], 
            "AvailableIpAddressCount": 4091, 
            "DefaultForAz": true, 
            "Ipv6CidrBlockAssociationSet": [], 
            "VpcId": "vpc-12345678", 
            "State": "available", 
            "MapPublicIpOnLaunch": true, 
            "SubnetId": "subnet-00000002", 
            "CidrBlock": "10.0.1.0/24", 
            "AssignIpv6AddressOnCreation": false
        }, 
        {
            "AvailabilityZone": "us-east-1a",
            "Tags": [
                {
                    "Value": "Private 1a", 
                    "Key": "Name"
                }
            ], 
            "AvailableIpAddressCount": 4091, 
            "DefaultForAz": true, 
            "Ipv6CidrBlockAssociationSet": [], 
            "VpcId": "vpc-12345678", 
            "State": "available", 
            "MapPublicIpOnLaunch": false, 
            "SubnetId": "subnet-00000003", 
            "CidrBlock": "10.0.2.0/24", 
            "AssignIpv6AddressOnCreation": false
        },
        {
            "AvailabilityZone": "us-east-1b",
            "Tags": [
                {
                    "Value": "Private 1b", 
                    "Key": "Name"
                }
            ], 
            "AvailableIpAddressCount": 4091, 
            "DefaultForAz": true, 
            "Ipv6CidrBlockAssociationSet": [], 
            "VpcId": "vpc-12345678", 
            "State": "available", 
            "MapPublicIpOnLaunch": false, 
            "SubnetId": "subnet-00000004", 
            "CidrBlock": "10.0.3.0/24", 
            "AssignIpv6AddressOnCreation": false
        }
    ]
}
