{
    "Reservations": [
        {
            "Instances": [
                {
                    "Monitoring": {
                        "State": "enabled"
                    }, 
                    "PublicDnsName": "ec2-1-2-3-4.compute-1.amazonaws.com", 
                    "State": {
                        "Code": 16, 
                        "Name": "running"
                    }, 
                    "EbsOptimized": true, 
                    "LaunchTime": "2017-12-01T00:00:00.000Z", 
                    "PublicIpAddress": "1.2.3.4", 
                    "PrivateIpAddress": "10.0.0.1",
                    "VpcId": "vpc-12345678", 
                    "StateTransitionReason": "", 
                    "InstanceId": "i-00000000000000000", 
                    "EnaSupport": true, 
                    "ImageId": "ami-00000000", 
                    "PrivateDnsName": "ip-10-0-0-1.ec2.internal", 
                    "KeyName": "bastion", 
                    "SecurityGroups": [
                        {
                            "GroupName": "Restricted SSH Access", 
                            "GroupId": "sg-00000002"
                        }
                    ], 
                    "ClientToken": "00000000000000000", 
                    "SubnetId": "subnet-00000001", 
                    "InstanceType": "t2.micro", 
                    "NetworkInterfaces": [
                        {
                            "Status": "in-use", 
                            "MacAddress": "0e:d7:00:00:00:00", 
                            "SourceDestCheck": true, 
                            "VpcId": "vpc-12345678", 
                            "Description": "Primary network interface", 
                            "NetworkInterfaceId": "eni-00000000", 
                            "PrivateIpAddresses": [
                                {
                                    "PrivateDnsName": "ip-10-0-0-1.ec2.internal", 
                                    "PrivateIpAddress": "10.0.0.1", 
                                    "Primary": true, 
                                    "Association": {
                                        "PublicIp": "1.2.3.4", 
                                        "PublicDnsName": "ec2-1-2-3-4.compute-1.amazonaws.com", 
                                        "IpOwnerId": "amazon"
                                    }
                                }
                            ], 
                            "PrivateDnsName": "ip-10-0-0-1.ec2.internal", 
                            "Attachment": {
                                "Status": "attached", 
                                "DeviceIndex": 0, 
                                "DeleteOnTermination": true, 
                                "AttachmentId": "eni-attach-00000000", 
                                "AttachTime": "2017-12-01T00:00:00.000Z"
                            }, 
                            "Groups": [
                                {
                                    "GroupName": "Bastion", 
                                    "GroupId": "sg-00000002"
                                }
                            ], 
                            "Ipv6Addresses": [], 
                            "OwnerId": "123456789012", 
                            "PrivateIpAddress": "10.0.0.1", 
                            "SubnetId": "subnet-00000001", 
                            "Association": {
                                "PublicIp": "1.2.3.4", 
                                "PublicDnsName": "ec2-1-2-3-4.compute-1.amazonaws.com", 
                                "IpOwnerId": "amazon"
                            }
                        }
                    ], 
                    "SourceDestCheck": true, 
                    "Placement": {
                        "Tenancy": "default", 
                        "GroupName": "", 
                        "AvailabilityZone": "us-east-1a"
                    }, 
                    "Hypervisor": "xen", 
                    "BlockDeviceMappings": [
                        {
                            "DeviceName": "/dev/sda1", 
                            "Ebs": {
                                "Status": "attached", 
                                "DeleteOnTermination": true, 
                                "VolumeId": "vol-00000000000000000",
                                "AttachTime": "2017-12-01T00:00:00.000Z"
                            }
                        }
                    ], 
                    "Architecture": "x86_64", 
                    "RootDeviceType": "ebs",
                    "RootDeviceName": "/dev/sda1", 
                    "VirtualizationType": "hvm", 
                    "Tags": [
                        {
                            "Value": "Bastion", 
                            "Key": "Name"
                        }
                    ], 
                    "AmiLaunchIndex": 0
                },
                {
                    "Monitoring": {
                        "State": "enabled"
                    },
                    "State": {
                        "Code": 16, 
                        "Name": "running"
                    }, 
                    "EbsOptimized": true, 
                    "LaunchTime": "2017-12-01T00:00:00.000Z", 
                    "PrivateIpAddress": "10.0.2.1",
                    "VpcId": "vpc-12345678", 
                    "StateTransitionReason": "", 
                    "InstanceId": "i-00000000000000001", 
                    "EnaSupport": true, 
                    "ImageId": "ami-00000001",
                    "PrivateDnsName": "ip-10-0-2-1.ec2.internal", 
                    "KeyName": "web2", 
                    "SecurityGroups": [
                        {
                            "GroupName": "Internal web", 
                            "GroupId": "sg-00000004"
                        }
                    ], 
                    "ClientToken": "00000000000000000", 
                    "SubnetId": "subnet-00000003", 
                    "InstanceType": "t2.micro", 
                    "NetworkInterfaces": [
                        {
                            "Status": "in-use", 
                            "MacAddress": "0e:d7:00:00:00:00", 
                            "SourceDestCheck": true, 
                            "VpcId": "vpc-12345678", 
                            "Description": "Primary network interface", 
                            "NetworkInterfaceId": "eni-00000000", 
                            "PrivateIpAddresses": [
                                {
                                    "PrivateDnsName": "ip-10-0-2-1.ec2.internal", 
                                    "PrivateIpAddress": "10.0.2.1", 
                                    "Primary": true
                                }
                            ], 
                            "PrivateDnsName": "ip-10-0-0-1.ec2.internal", 
                            "Attachment": {
                                "Status": "attached", 
                                "DeviceIndex": 0, 
                                "DeleteOnTermination": true, 
                                "AttachmentId": "eni-attach-00000000", 
                                "AttachTime": "2017-12-01T00:00:00.000Z"
                            }, 
                            "Groups": [
                                {
                                    "GroupName": "Internal web", 
                                    "GroupId": "sg-00000004"
                                }
                            ], 
                            "Ipv6Addresses": [], 
                            "OwnerId": "123456789012", 
                            "PrivateIpAddress": "10.0.2.1", 
                            "SubnetId": "subnet-00000003" 
                        }
                    ], 
                    "SourceDestCheck": true, 
                    "Placement": {
                        "Tenancy": "default", 
                        "GroupName": "", 
                        "AvailabilityZone": "us-east-1a"
                    }, 
                    "Hypervisor": "xen", 
                    "BlockDeviceMappings": [
                        {
                            "DeviceName": "/dev/sda1", 
                            "Ebs": {
                                "Status": "attached", 
                                "DeleteOnTermination": true, 
                                "VolumeId": "vol-00000000000000001",
                                "AttachTime": "2017-12-01T00:00:00.000Z"
                            }
                        }
                    ], 
                    "Architecture": "x86_64", 
                    "RootDeviceType": "ebs", 
                    "RootDeviceName": "/dev/sda1", 
                    "VirtualizationType": "hvm", 
                    "Tags": [
                        {
                            "Value": "Web1", 
                            "Key": "Name"
                        }
                    ], 
                    "AmiLaunchIndex": 0,
                    "MetadataOptions": {
                        "State": "applied",
                        "HttpTokens": "optional",
                        "HttpPutResponseHopLimit": 1,
                        "HttpEndpoint": "enabled"
                    }
                },
                {
                    "Monitoring": {
                        "State": "enabled"
                    },
                    "State": {
                        "Code": 16, 
                        "Name": "running"
                    }, 
                    "EbsOptimized": true, 
                    "LaunchTime": "2017-12-01T00:00:00.000Z", 
                    "PrivateIpAddress": "10.0.3.1",
                    "VpcId": "vpc-12345678", 
                    "StateTransitionReason": "", 
                    "InstanceId": "i-00000000000000002", 
                    "EnaSupport": true, 
                    "ImageId": "ami-00000001", 
                    "PrivateDnsName": "ip-10-0-3-1.ec2.internal", 
                    "KeyName": "web2", 
                    "SecurityGroups": [
                        {
                            "GroupName": "Internal web", 
                            "GroupId": "sg-00000004"
                        }
                    ], 
                    "ClientToken": "00000000000000000", 
                    "SubnetId": "subnet-00000004", 
                    "InstanceType": "t2.micro", 
                    "NetworkInterfaces": [
                        {
                            "Status": "in-use", 
                            "MacAddress": "0e:d7:00:00:00:00", 
                            "SourceDestCheck": true, 
                            "VpcId": "vpc-12345678", 
                            "Description": "Primary network interface", 
                            "NetworkInterfaceId": "eni-00000000", 
                            "PrivateIpAddresses": [
                                {
                                    "PrivateDnsName": "ip-10-0-3-1.ec2.internal", 
                                    "PrivateIpAddress": "10.0.3.1", 
                                    "Primary": true
                                }
                            ], 
                            "PrivateDnsName": "ip-10-0-3-1.ec2.internal", 
                            "Attachment": {
                                "Status": "attached", 
                                "DeviceIndex": 0, 
                                "DeleteOnTermination": true, 
                                "AttachmentId": "eni-attach-00000000", 
                                "AttachTime": "2017-12-01T00:00:00.000Z"
                            }, 
                            "Groups": [
                                {
                                    "GroupName": "Internal web", 
                                    "GroupId": "sg-00000004"
                                }
                            ], 
                            "Ipv6Addresses": [], 
                            "OwnerId": "123456789012", 
                            "PrivateIpAddress": "10.0.3.1", 
                            "SubnetId": "subnet-00000004"
                        }
                    ], 
                    "SourceDestCheck": true, 
                    "Placement": {
                        "Tenancy": "default", 
                        "GroupName": "", 
                        "AvailabilityZone": "us-east-1b"
                    }, 
                    "Hypervisor": "xen", 
                    "BlockDeviceMappings": [
                        {
                            "DeviceName": "/dev/sda1", 
                            "Ebs": {
                                "Status": "attached", 
                                "DeleteOnTermination": true, 
                                "VolumeId": "vol-00000000000000003",
                                "AttachTime": "2017-12-01T00:00:00.000Z"
                            }
                        }
                    ], 
                    "Architecture": "x86_64", 
                    "RootDeviceType": "ebs", 
                    "RootDeviceName": "/dev/sda1", 
                    "VirtualizationType": "hvm", 
                    "Tags": [
                        {
                            "Value": "Web2", 
                            "Key": "Name"
                        }
                    ], 
                    "AmiLaunchIndex": 0,
                    "MetadataOptions": {
                        "State": "applied",
                        "HttpTokens": "optional",
                        "HttpPutResponseHopLimit": 1,
                        "HttpEndpoint": "enabled"
                    }
                }
            ], 
            "ReservationId": "r-00000000000000000", 
            "Groups": [], 
            "OwnerId": "123456789012"
        }
    ]
}