{
    "AvailabilityZones": [
        {
            "State": "available", 
            "ZoneName": "us-east-1a", 
            "Messages": [], 
            "RegionName": "us-east-1"
        }, 
        {
            "State": "available", 
            "ZoneName": "us-east-1b", 
            "Messages": [], 
            "RegionName": "us-east-1"
        }, 
        {
            "State": "available", 
            "ZoneName": "us-east-1c", 
            "Messages": [], 
            "RegionName": "us-east-1"
        }, 
        {
            "State": "available", 
            "ZoneName": "us-east-1d", 
            "Messages": [], 
            "RegionName": "us-east-1"
        }, 
        {
            "State": "available", 
            "ZoneName": "us-east-1e", 
            "Messages": [], 
            "RegionName": "us-east-1"
        }, 
        {
            "State": "available", 
            "ZoneName": "us-east-1f", 
            "Messages": [], 
            "RegionName": "us-east-1"
        }
    ]
}
