{
    "Vpcs": [
        {
            "VpcId": "vpc-12345678", 
            "Tags": [
                {
                    "Value": "Prod", 
                    "Key": "Name"
                }
            ],
            "InstanceTenancy": "default", 
            "CidrBlockAssociationSet": [
                {
                    "AssociationId": "vpc-cidr-assoc-12345678", 
                    "CidrBlock": "10.0.0.0/16", 
                    "CidrBlockState": {
                        "State": "associated"
                    }
                }
            ], 
            "State": "available", 
            "DhcpOptionsId": "dopt-12345678", 
            "CidrBlock": "10.0.0.0/16", 
            "IsDefault": true
        }
    ]
}
