{
    "LoadBalancerDescriptions": [
        {
            "Subnets": [
                "subnet-00000001", 
                "subnet-00000002"
            ], 
            "CanonicalHostedZoneNameID": "0000000000000", 
            "CanonicalHostedZoneName": "weblb-0000000000.us-east-1.elb.amazonaws.com", 
            "ListenerDescriptions": [
                {
                    "Listener": {
                        "InstancePort": 8000, 
                        "LoadBalancerPort": 8000, 
                        "Protocol": "HTTP", 
                        "InstanceProtocol": "HTTP"
                    }, 
                    "PolicyNames": []
                }
            ], 
            "HealthCheck": {
                "HealthyThreshold": 2, 
                "Interval": 30, 
                "Target": "TCP:8000", 
                "Timeout": 5, 
                "UnhealthyThreshold": 2
            }, 
            "VPCId": "vpc-12345678", 
            "BackendServerDescriptions": [], 
            "Instances": [
                {
                    "InstanceId": "i-00000000000000002"
                }, 
                {
                    "InstanceId": "i-00000000000000003"
                }
            ], 
            "DNSName": "weblb.us-west-2.elb.amazonaws.com", 
            "SecurityGroups": [
                "sg-00000003"
            ], 
            "Policies": {
                "LBCookieStickinessPolicies": [], 
                "AppCookieStickinessPolicies": [], 
                "OtherPolicies": []
            }, 
            "LoadBalancerName": "weblb", 
            "CreatedTime": "2017-12-01T00:00:00.000Z", 
            "AvailabilityZones": [
                "us-east-1a", 
                "us-east-1b"
            ], 
            "Scheme": "internet-facing", 
            "SourceSecurityGroup": {
                "OwnerAlias": "12345789012", 
                "GroupName": "Web LB"
            }
        }
    ]
}
