{
    "GroupDetailList": [],
    "Policies": [
        {
            "Arn": "arn:aws:iam::aws:policy/service-role/AmazonEC2RoleforSSM",
            "AttachmentCount": 1,
            "CreateDate": "2016-11-10T17:20:15+00:00",
            "DefaultVersionId": "v8",
            "IsAttachable": true,
            "Path": "/job-function/",
            "PermissionsBoundaryUsageCount": 0,
            "PolicyId": "ANPAID22R6XPJATWOFDK6",
            "PolicyName": "AmazonEC2RoleforSSM",
            "PolicyVersionList": [
                {
                    "Document": {
                        "Version": "2012-10-17",
                        "Statement": [
                            {
                                "Effect": "Allow",
                                "Action": [
                                    "ssm:DescribeAssociation",
                                    "ssm:GetDeployablePatchSnapshotForInstance",
                                    "ssm:GetDocument",
                                    "ssm:DescribeDocument",
                                    "ssm:GetManifest",
                                    "ssm:GetParameters",
                                    "ssm:ListAssociations",
                                    "ssm:ListInstanceAssociations",
                                    "ssm:PutInventory",
                                    "ssm:PutComplianceItems",
                                    "ssm:PutConfigurePackageResult",
                                    "ssm:UpdateAssociationStatus",
                                    "ssm:UpdateInstanceAssociationStatus",
                                    "ssm:UpdateInstanceInformation"
                                ],
                                "Resource": "*"
                            },
                            {
                                "Effect": "Allow",
                                "Action": [
                                    "ssmmessages:CreateControlChannel",
                                    "ssmmessages:CreateDataChannel",
                                    "ssmmessages:OpenControlChannel",
                                    "ssmmessages:OpenDataChannel"
                                ],
                                "Resource": "*"
                            },
                            {
                                "Effect": "Allow",
                                "Action": [
                                    "ec2messages:AcknowledgeMessage",
                                    "ec2messages:DeleteMessage",
                                    "ec2messages:FailMessage",
                                    "ec2messages:GetEndpoint",
                                    "ec2messages:GetMessages",
                                    "ec2messages:SendReply"
                                ],
                                "Resource": "*"
                            },
                            {
                                "Effect": "Allow",
                                "Action": [
                                    "cloudwatch:PutMetricData"
                                ],
                                "Resource": "*"
                            },
                            {
                                "Effect": "Allow",
                                "Action": [
                                    "ec2:DescribeInstanceStatus"
                                ],
                                "Resource": "*"
                            },
                            {
                                "Effect": "Allow",
                                "Action": [
                                    "ds:CreateComputer",
                                    "ds:DescribeDirectories"
                                ],
                                "Resource": "*"
                            },
                            {
                                "Effect": "Allow",
                                "Action": [
                                    "logs:CreateLogGroup",
                                    "logs:CreateLogStream",
                                    "logs:DescribeLogGroups",
                                    "logs:DescribeLogStreams",
                                    "logs:PutLogEvents"
                                ],
                                "Resource": "*"
                            },
                            {
                                "Effect": "Allow",
                                "Action": [
                                    "s3:GetBucketLocation",
                                    "s3:PutObject",
                                    "s3:GetObject",
                                    "s3:GetEncryptionConfiguration",
                                    "s3:AbortMultipartUpload",
                                    "s3:ListMultipartUploadParts",
                                    "s3:ListBucket",
                                    "s3:ListBucketMultipartUploads"
                                ],
                                "Resource": "*"
                            }
                        ]
                    },
                    "VersionId": "v8",
                    "IsDefaultVersion": true,
                    "CreateDate": "2019-01-24T19:20:51Z"
                }
            ], 
            "UpdateDate": "2019-05-07T18:55:12Z"
        },
        {
            "PolicyName": "BAD_MFA_POLICY", 
            "PermissionsBoundaryUsageCount": 0, 
            "CreateDate": "2019-05-07T18:55:12Z", 
            "AttachmentCount": 0, 
            "IsAttachable": true, 
            "PolicyId": "ANPAZQNB3KHGKJK37F2XG", 
            "DefaultVersionId": "v1", 
            "PolicyVersionList": [
                {
                    "CreateDate": "2019-05-07T18:55:12Z", 
                    "VersionId": "v1", 
                    "Document": {
                        "Version": "2012-10-17", 
                        "Statement": [
                            {
                                "Action": [
                                    "iam:ListAccountAliases", 
                                    "iam:ListUsers", 
                                    "iam:GetAccountSummary"
                                ], 
                                "Resource": "*", 
                                "Effect": "Allow", 
                                "Sid": "AllowAllUsersToListAccounts"
                            }, 
                            {
                                "Action": [
                                    "iam:ChangePassword", 
                                    "iam:CreateAccessKey", 
                                    "iam:CreateLoginProfile", 
                                    "iam:DeleteAccessKey", 
                                    "iam:DeleteLoginProfile", 
                                    "iam:GetAccountPasswordPolicy", 
                                    "iam:GetLoginProfile", 
                                    "iam:ListAccessKeys", 
                                    "iam:UpdateAccessKey", 
                                    "iam:UpdateLoginProfile", 
                                    "iam:ListSigningCertificates", 
                                    "iam:DeleteSigningCertificate", 
                                    "iam:UpdateSigningCertificate", 
                                    "iam:UploadSigningCertificate", 
                                    "iam:ListSSHPublicKeys", 
                                    "iam:GetSSHPublicKey", 
                                    "iam:DeleteSSHPublicKey", 
                                    "iam:UpdateSSHPublicKey", 
                                    "iam:UploadSSHPublicKey"
                                ], 
                                "Resource": "arn:aws:iam::123456789012:user/${aws:username}", 
                                "Effect": "Allow", 
                                "Sid": "AllowIndividualUserToSeeAndManageTheirOwnAccountInformation"
                            }, 
                            {
                                "Action": [
                                    "iam:ListVirtualMFADevices", 
                                    "iam:ListMFADevices"
                                ], 
                                "Resource": [
                                    "arn:aws:iam::123456789012:mfa/*", 
                                    "arn:aws:iam::123456789012:user/${aws:username}"
                                ], 
                                "Effect": "Allow", 
                                "Sid": "AllowIndividualUserToListTheirOwnMFA"
                            }, 
                            {
                                "Action": [
                                    "iam:CreateVirtualMFADevice", 
                                    "iam:DeactivateMFADevice", 
                                    "iam:DeleteVirtualMFADevice", 
                                    "iam:RequestSmsMfaRegistration", 
                                    "iam:FinalizeSmsMfaRegistration", 
                                    "iam:EnableMFADevice", 
                                    "iam:ResyncMFADevice"
                                ], 
                                "Resource": [
                                    "arn:aws:iam::123456789012:mfa/${aws:username}", 
                                    "arn:aws:iam::123456789012:user/${aws:username}"
                                ], 
                                "Effect": "Allow", 
                                "Sid": "AllowIndividualUserToManageTheirOwnMFA"
                            }, 
                            {
                                "NotAction": "iam:*", 
                                "Resource": "*", 
                                "Effect": "Deny", 
                                "Condition": {
                                    "BoolIfExists": {
                                        "aws:MultiFactorAuthPresent": "false"
                                    }
                                }, 
                                "Sid": "BlockAnyAccessOtherThanAboveUnlessSignedInWithMFA"
                            }
                        ]
                    }, 
                    "IsDefaultVersion": true
                }
            ], 
            "Path": "/", 
            "Arn": "arn:aws:iam::123456789012:policy/BAD_MFA_POLICY", 
            "UpdateDate": "2019-05-07T18:55:12Z"
        }
    ],
    "RoleDetailList": [
        {
            "Arn": "arn:aws:iam::123456789012:role/exfiller",
            "AssumeRolePolicyDocument": {
                "Statement": [
                    {
                        "Action": "sts:AssumeRole",
                        "Effect": "Allow",
                        "Principal": {
                            "Service": "ec2.amazonaws.com"
                        }
                    }
                ],
                "Version": "2012-10-17"
            },
            "AttachedManagedPolicies": [],
            "CreateDate": "2018-10-19T21:45:27+00:00",
            "InstanceProfileList": [],
            "Path": "/",
            "RoleId": "AROAJIWYG5SMZL45EWWGG",
            "RoleName": "exfiller",
            "RolePolicyList": [
                {
                    "PolicyDocument": {
                        "Statement": [
                            {
                                "Action": "s3:*",
                                "Effect": "Allow",
                                "Resource": "*"
                            }
                        ],
                        "Version": "2012-10-17"
                    },
                    "PolicyName": "tmp"
                }
            ],
            "Tags": []
        },
        {
            "Arn": "arn:aws:iam::123456789012:role/bad_role",
            "AssumeRolePolicyDocument": {
                "Statement": [
                    {
                        "Action": "sts:AssumeRole",
                        "Effect": "Allow",
                        "Principal": {
                            "AWS": "*"
                        }
                    }
                ],
                "Version": "2012-10-17"
            },
            "AttachedManagedPolicies": [
                {
                    "PolicyName": "AmazonEC2RoleforSSM",
                    "PolicyArn": "arn:aws:iam::aws:policy/service-role/AmazonEC2RoleforSSM"
                }
            ],
            "CreateDate": "2018-11-20T17:14:45+00:00",
            "InstanceProfileList": [],
            "Path": "",
            "RoleId": "AROAIBATWWYQXZTTALNCE",
            "RoleName": "bad_role",
            "RolePolicyList": [
                {
                    "PolicyDocument": {
                        "Statement": [
                            {
                                "Action": [
                                    "*"
                                ],
                                "Effect": "Allow",
                                "Resource": "*"
                            }
                        ],
                        "Version": "2012-10-17"
                    },
                    "PolicyName": "dostuff"
                }
            ],
            "Tags": []
        },
        {
            "Arn": "arn:aws:iam::123456789012:role/service-role/level1",
            "AssumeRolePolicyDocument": {
                "Statement": [
                    {
                        "Action": "sts:AssumeRole",
                        "Effect": "Allow",
                        "Principal": {
                            "Service": "lambda.amazonaws.com"
                        }
                    }
                ],
                "Version": "2012-10-17"
            },
            "AttachedManagedPolicies": [],
            "CreateDate": "2018-11-20T17:14:45+00:00",
            "InstanceProfileList": [],
            "Path": "/service-role/",
            "RoleId": "AROAIBATWWYQXZTTALNCE",
            "RoleName": "level1",
            "RolePolicyList": [
                {
                    "PolicyDocument": {
                        "Statement": [
                            {
                                "Action": [
                                    "s3:GetObject"
                                ],
                                "Effect": "Allow",
                                "Resource": "arn:aws:s3:::level1.flaws2.cloud/*"
                            },
                            {
                                "Action": [
                                    "s3:ListBucket"
                                ],
                                "Effect": "Allow",
                                "Resource": "arn:aws:s3:::level1.flaws2.cloud"
                            },
                            {
                                "Action": [
                                    "ecr:ListImages",
                                    "ecr:GetDownloadUrlForLayer",
                                    "ecr:BatchGetImage"
                                ],
                                "Effect": "Allow",
                                "Resource": "arn:aws:ecr:*:123456789012:repository/level2"
                            },
                            {
                                "Action": [
                                    "ecr:GetAuthorizationToken"
                                ],
                                "Effect": "Allow",
                                "Resource": "*"
                            }
                        ],
                        "Version": "2012-10-17"
                    },
                    "PolicyName": "level1"
                }
            ],
            "Tags": []
        },
        {
            "Arn": "arn:aws:iam::123456789012:role/level3",
            "AssumeRolePolicyDocument": {
                "Statement": [
                    {
                        "Action": "sts:AssumeRole",
                        "Effect": "Allow",
                        "Principal": {
                            "Service": "ecs-tasks.amazonaws.com"
                        },
                        "Sid": ""
                    }
                ],
                "Version": "2012-10-17"
            },
            "AttachedManagedPolicies": [],
            "CreateDate": "2018-11-23T17:55:27+00:00",
            "InstanceProfileList": [],
            "Path": "/",
            "RoleId": "AROAJQMBDNUMIKLZKMF64",
            "RoleName": "level3",
            "RolePolicyList": [
                {
                    "PolicyDocument": {
                        "Statement": [
                            {
                                "Action": [
                                    "s3:GetBucketLocation",
                                    "s3:ListAllMyBuckets"
                                ],
                                "Effect": "Allow",
                                "Resource": "*"
                            }
                        ],
                        "Version": "2012-10-17"
                    },
                    "PolicyName": "listbuckets"
                }
            ],
            "Tags": []
        }
    ],
    "UserDetailList": []
}