{
    "DBInstances": [
        {
            "PubliclyAccessible": false, 
            "MasterUsername": "master", 
            "MonitoringInterval": 60, 
            "LicenseModel": "postgresql-license", 
            "VpcSecurityGroups": [
                {
                    "Status": "active", 
                    "VpcSecurityGroupId": "sg-00000005"
                }
            ], 
            "InstanceCreateTime": "2017-12-01T00:00:00.000Z", 
            "CopyTagsToSnapshot": false, 
            "OptionGroupMemberships": [
                {
                    "Status": "in-sync", 
                    "OptionGroupName": "default:postgres-9-6"
                }
            ], 
            "PendingModifiedValues": {}, 
            "Engine": "postgres", 
            "MultiAZ": false, 
            "LatestRestorableTime": "2017-12-01T00:00:00Z", 
            "DBSecurityGroups": [], 
            "DBParameterGroups": [
                {
                    "DBParameterGroupName": "default.postgres9.6", 
                    "ParameterApplyStatus": "in-sync"
                }
            ], 
            "PerformanceInsightsEnabled": false, 
            "AutoMinorVersionUpgrade": true, 
            "PreferredBackupWindow": "00:00-01:00", 
            "DBSubnetGroup": {
                "Subnets": [
                    {
                        "SubnetStatus": "Active", 
                        "SubnetIdentifier": "subnet-00000004", 
                        "SubnetAvailabilityZone": {
                            "Name": "us-east-2b"
                        }
                    }, 
                    {
                        "SubnetStatus": "Active", 
                        "SubnetIdentifier": "subnet-00000003", 
                        "SubnetAvailabilityZone": {
                            "Name": "us-east-2a"
                        }
                    }
                ], 
                "DBSubnetGroupName": "db subnet", 
                "VpcId": "vpc-12345678", 
                "DBSubnetGroupDescription": "Private", 
                "SubnetGroupStatus": "Complete"
            }, 
            "ReadReplicaDBInstanceIdentifiers": [], 
            "AllocatedStorage": 100, 
            "DBInstanceArn": "arn:aws:rds:us-east-1:123456789012:db:securitymonkey", 
            "BackupRetentionPeriod": 7, 
            "DBName": "database", 
            "PreferredMaintenanceWindow": "fri:00:00-fri:01:00", 
            "Endpoint": {
                "HostedZoneId": "Z2XHWR1WZ565X2", 
                "Port": 5432, 
                "Address": "database.abcdefghijkl.us-east-1.rds.amazonaws.com"
            }, 
            "DBInstanceStatus": "available", 
            "IAMDatabaseAuthenticationEnabled": false, 
            "EngineVersion": "9.6.2", 
            "EnhancedMonitoringResourceArn": "arn:aws:logs:us-east-2:123456789012:log-group:RDSOSMetrics:log-stream:db-00000000000000000000000000", 
            "AvailabilityZone": "us-east-2a", 
            "DomainMemberships": [], 
            "MonitoringRoleArn": "arn:aws:iam::123456789012:role/rds-monitoring-role", 
            "StorageType": "gp2", 
            "DbiResourceId": "db-00000000000000000000000000", 
            "CACertificateIdentifier": "rds-ca-2015", 
            "KmsKeyId": "arn:aws:kms:us-east-1:123456789012:key/ca455c06-8a9f-4057-949d-b13d298d478b", 
            "StorageEncrypted": true, 
            "DBInstanceClass": "db.t2.micro", 
            "DbInstancePort": 0, 
            "DBInstanceIdentifier": "database"
        }
    ]
}
