{
    "SecretList": [
        {
            "ARN": "arn:aws:secretsmanager:us-east-1:0123456789012:secret:demo-secret-lfUPRe",
            "LastAccessedDate": "2019-10-16T18:00:00-06:00",
            "LastChangedDate": "2019-10-17T15:47:00.587000-06:00",
            "Name": "demo-secret",
            "SecretVersionsToStages": {
                "01230123-0123-0123-0123-012301230123": [
                    "AWSCURRENT"
                ]
            },
            "Tags": [
                {
                    "Key": "access-project",
                    "Value": "peg"
                },
                {
                    "Key": "access-team",
                    "Value": "eng"
                },
                {
                    "Key": "cost-center",
                    "Value": "987654"
                }
            ]
        }
    ]
}